{
  "iteration": "Iteration 2",
  "experiment": "Experiment 2",
  "task": "multiclass_classification",
  "dataset": {
    "train_rows": 9992,
    "val_rows": 1249,
    "test_rows": 1249
  },
  "baseline_summary_path": "/home/upsid/dev/ML-Project-Ragebait/iteration2/outputs/exp2_multiclass_baselines/summary.json",
  "results": {
    "logistic_regression": {
      "tier": "Tier 1",
      "model_type": "LogisticRegression",
      "validation": {
        "metrics": {
          "accuracy": 0.6869495596477182,
          "macro_precision": 0.5896841551034578,
          "macro_recall": 0.6251541227668513,
          "macro_f1": 0.6043971874688469,
          "micro_f1": 0.6869495596477182,
          "weighted_f1": 0.6932659063814104,
          "classification_report": {
            "Normal": {
              "precision": 0.8679653679653679,
              "recall": 0.7924901185770751,
              "f1": 0.8285123966942148,
              "support": 506
            },
            "Profanity": {
              "precision": 0.5502645502645502,
              "recall": 0.6582278481012658,
              "f1": 0.5994236311239193,
              "support": 158
            },
            "Trolling": {
              "precision": 0.6567505720823799,
              "recall": 0.6321585903083701,
              "f1": 0.6442199775533108,
              "support": 454
            },
            "Derogatory": {
              "precision": 0.36363636363636365,
              "recall": 0.46511627906976744,
              "f1": 0.40816326530612246,
              "support": 86
            },
            "Hate Speech": {
              "precision": 0.5098039215686274,
              "recall": 0.5777777777777777,
              "f1": 0.5416666666666666,
              "support": 45
            }
          }
        },
        "confusion_matrix_path": "/home/upsid/dev/ML-Project-Ragebait/iteration2/outputs/exp2_multiclass_baselines/logistic_regression_confusion_matrix.png"
      },
      "timing_seconds": {
        "train": 16.314327448955737,
        "predict": 0.0009697609930299222
      }
    },
    "linear_svc": {
      "tier": "Tier 1",
      "model_type": "LinearSVC",
      "validation": {
        "metrics": {
          "accuracy": 0.7037630104083267,
          "macro_precision": 0.6298032149026405,
          "macro_recall": 0.58544510423027,
          "macro_f1": 0.6026922562394494,
          "micro_f1": 0.7037630104083267,
          "weighted_f1": 0.7029685855833742,
          "classification_report": {
            "Normal": {
              "precision": 0.8434442270058709,
              "recall": 0.8517786561264822,
              "f1": 0.8475909537856441,
              "support": 506
            },
            "Profanity": {
              "precision": 0.5419354838709678,
              "recall": 0.5316455696202531,
              "f1": 0.536741214057508,
              "support": 158
            },
            "Trolling": {
              "precision": 0.6666666666666666,
              "recall": 0.6828193832599119,
              "f1": 0.6746463547334058,
              "support": 454
            },
            "Derogatory": {
              "precision": 0.36363636363636365,
              "recall": 0.37209302325581395,
              "f1": 0.367816091954023,
              "support": 86
            },
            "Hate Speech": {
              "precision": 0.7333333333333333,
              "recall": 0.4888888888888889,
              "f1": 0.5866666666666667,
              "support": 45
            }
          }
        },
        "confusion_matrix_path": "/home/upsid/dev/ML-Project-Ragebait/iteration2/outputs/exp2_multiclass_baselines/linear_svc_confusion_matrix.png"
      },
      "timing_seconds": {
        "train": 0.470921826956328,
        "predict": 0.0014553359942510724
      }
    },
    "ffnn": {
      "tier": "Tier 2",
      "model_type": "FFNNClassifier",
      "validation": {
        "metrics": {
          "accuracy": 0.6949559647718174,
          "macro_precision": 0.5795527614646052,
          "macro_recall": 0.6412342913444571,
          "macro_f1": 0.5994356773955497,
          "micro_f1": 0.6949559647718174,
          "weighted_f1": 0.6992884653033765,
          "classification_report": {
            "Normal": {
              "precision": 0.8610567514677103,
              "recall": 0.8695652173913043,
              "f1": 0.8652900688298918,
              "support": 506
            },
            "Profanity": {
              "precision": 0.5816326530612245,
              "recall": 0.7215189873417721,
              "f1": 0.6440677966101694,
              "support": 158
            },
            "Trolling": {
              "precision": 0.7126099706744868,
              "recall": 0.5352422907488987,
              "f1": 0.6113207547169811,
              "support": 454
            },
            "Derogatory": {
              "precision": 0.32867132867132864,
              "recall": 0.5465116279069767,
              "f1": 0.4104803493449782,
              "support": 86
            },
            "Hate Speech": {
              "precision": 0.41379310344827586,
              "recall": 0.5333333333333333,
              "f1": 0.46601941747572817,
              "support": 45
            }
          }
        },
        "confusion_matrix_path": "/home/upsid/dev/ML-Project-Ragebait/iteration2/outputs/exp2_multiclass_baselines/ffnn_confusion_matrix.png"
      },
      "timing_seconds": {
        "train": 87.86044129700167,
        "predict": 0.150068063987419
      },
      "best_epoch": 16,
      "best_val_loss": 1.0581366013201645,
      "device": "cpu",
      "vocab_size": 10975
    },
    "bert_base_uncased": {
      "tier": "Tier 3",
      "model_type": "BertSequenceClassifier",
      "pretrained_model": "bert-base-uncased",
      "validation": {
        "metrics": {
          "accuracy": 0.7389911929543634,
          "macro_precision": 0.6261935551409236,
          "macro_recall": 0.674625303902818,
          "macro_f1": 0.640477203862457,
          "micro_f1": 0.7389911929543634,
          "weighted_f1": 0.7441313144127278,
          "classification_report": {
            "Normal": {
              "precision": 0.9,
              "recall": 0.8554455445544554,
              "f1": 0.8771573604060914,
              "support": 505
            },
            "Profanity": {
              "precision": 0.6306306306306306,
              "recall": 0.8805031446540881,
              "f1": 0.7349081364829396,
              "support": 159
            },
            "Trolling": {
              "precision": 0.7621621621621621,
              "recall": 0.6225165562913907,
              "f1": 0.6852976913730255,
              "support": 453
            },
            "Derogatory": {
              "precision": 0.3609022556390977,
              "recall": 0.5581395348837209,
              "f1": 0.4383561643835616,
              "support": 86
            },
            "Hate Speech": {
              "precision": 0.4772727272727273,
              "recall": 0.45652173913043476,
              "f1": 0.4666666666666667,
              "support": 46
            }
          }
        },
        "confusion_matrix_path": "/home/upsid/dev/ML-Project-Ragebait/iteration2/outputs/exp2_multiclass_bert/bert_test_confusion_matrix.png",
        "logits_shape": [
          1249,
          5
        ]
      },
      "timing_seconds": {
        "train": 376.7855200789636,
        "predict": 9.86026560101891
      },
      "best_epoch": 4,
      "best_val_loss": 0.7155591011333695,
      "checkpoint_path": "/home/upsid/dev/ML-Project-Ragebait/iteration2/outputs/exp2_multiclass_bert/checkpoints/best_model.pt",
      "tokenizer_dir": "/home/upsid/dev/ML-Project-Ragebait/iteration2/outputs/exp2_multiclass_bert/tokenizer",
      "device": "cuda",
      "max_length": 128
    }
  },
  "best_validation_model": "bert_base_uncased",
  "validation_macro_f1_ranking": [
    {
      "model_name": "bert_base_uncased",
      "tier": "Tier 3",