{
  "accuracy": 0.670840197693575,
  "f1_by_class": {
    "0": 0.7141630901287553,
    "1": 0.6120388349514563
  },
  "precision_by_class": {
    "0": 0.7380248373743347,
    "1": 0.5863095238095238
  },
  "recall_by_class": {
    "0": 0.6917960088691796,
    "1": 0.6401299756295694
  },
  "report": {
    "accuracy": 0.670840197693575,
    "macro avg": {
      "f1-score": 0.6631009625401059,
      "precision": 0.6621671805919292,
      "recall": 0.6659629922493745,
      "support": 3035.0
    },
    "not_ragebait": {
      "f1-score": 0.7141630901287553,
      "precision": 0.7380248373743347,
      "recall": 0.6917960088691796,
      "support": 1804.0
    },
    "ragebait": {
      "f1-score": 0.6120388349514563,
      "precision": 0.5863095238095238,
      "recall": 0.6401299756295694,
      "support": 1231.0
    },
    "weighted avg": {
      "f1-score": 0.6727413576334488,
      "precision": 0.6764889062381626,
      "recall": 0.670840197693575,
      "support": 3035.0
    }
  },
  "support_by_class": {
    "0": 1804,
    "1": 1231
  }
}