{
  "accuracy": 0.871828665568369,
  "f1_by_class": {
    "0": 0.8907610221847796,
    "1": 0.8449581506576325
  },
  "precision_by_class": {
    "0": 0.9026750142287991,
    "1": 0.8294209702660407
  },
  "recall_by_class": {
    "0": 0.8791574279379157,
    "1": 0.8610885458976442
  },
  "report": {
    "accuracy": 0.871828665568369,
    "macro avg": {
      "f1-score": 0.867859586421206,
      "precision": 0.8660479922474199,
      "recall": 0.87012298691778,
      "support": 3035.0
    },
    "not_ragebait": {
      "f1-score": 0.8907610221847796,
      "precision": 0.9026750142287991,
      "recall": 0.8791574279379157,
      "support": 1804.0
    },
    "ragebait": {
      "f1-score": 0.8449581506576325,
      "precision": 0.8294209702660407,
      "recall": 0.8610885458976442,
      "support": 1231.0
    },
    "weighted avg": {
      "f1-score": 0.872183317127146,
      "precision": 0.8729630774518121,
      "recall": 0.871828665568369,
      "support": 3035.0
    }
  },
  "support_by_class": {
    "0": 1804,
    "1": 1231
  }
}