{
  "accuracy": 0.8629324546952224,
  "f1_by_class": {
    "0": 0.8822197055492639,
    "1": 0.8360914105594957
  },
  "precision_by_class": {
    "0": 0.9016203703703703,
    "1": 0.8117827084927315
  },
  "recall_by_class": {
    "0": 0.8636363636363636,
    "1": 0.8619008935824533
  },
  "report": {
    "accuracy": 0.8629324546952224,
    "macro avg": {
      "f1-score": 0.8591555580543797,
      "precision": 0.8567015394315509,
      "recall": 0.8627686286094085,
      "support": 3035.0
    },
    "not_ragebait": {
      "f1-score": 0.8822197055492639,
      "precision": 0.9016203703703703,
      "recall": 0.8636363636363636,
      "support": 1804.0
    },
    "ragebait": {
      "f1-score": 0.8360914105594957,
      "precision": 0.8117827084927315,
      "recall": 0.8619008935824533,
      "support": 1231.0
    },
    "weighted avg": {
      "f1-score": 0.863510008306297,
      "precision": 0.8651820963106097,
      "recall": 0.8629324546952224,
      "support": 3035.0
    }
  },
  "support_by_class": {
    "0": 1804,
    "1": 1231
  }
}