{
  "accuracy": 0.6873146622734762,
  "f1_by_class": {
    "0": 0.7301677566107478,
    "1": 0.6282804543674109
  },
  "precision_by_class": {
    "0": 0.7495621716287215,
    "1": 0.6066565809379728
  },
  "recall_by_class": {
    "0": 0.7117516629711752,
    "1": 0.6515028432168968
  },
  "report": {
    "accuracy": 0.6873146622734762,
    "macro avg": {
      "f1-score": 0.6792241054890793,
      "precision": 0.6781093762833472,
      "recall": 0.6816272530940359,
      "support": 3035.0
    },
    "not_ragebait": {
      "f1-score": 0.7301677566107478,
      "precision": 0.7495621716287215,
      "recall": 0.7117516629711752,
      "support": 1804.0
    },
    "ragebait": {
      "f1-score": 0.6282804543674109,
      "precision": 0.6066565809379728,
      "recall": 0.6515028432168968,
      "support": 1231.0
    },
    "weighted avg": {
      "f1-score": 0.6888421325377502,
      "precision": 0.6915994757011065,
      "recall": 0.6873146622734762,
      "support": 3035.0
    }
  },
  "support_by_class": {
    "0": 1804,
    "1": 1231
  }
}