{
  "accuracy": 0.8619439868204284,
  "f1_by_class": {
    "0": 0.8809320829781188,
    "1": 0.8357506860054881
  },
  "precision_by_class": {
    "0": 0.9037900874635568,
    "1": 0.8075757575757576
  },
  "recall_by_class": {
    "0": 0.8592017738359202,
    "1": 0.8659626320064988
  },
  "report": {
    "accuracy": 0.8619439868204284,
    "macro avg": {
      "f1-score": 0.8583413844918034,
      "precision": 0.8556829225196572,
      "recall": 0.8625822029212096,
      "support": 3035.0
    },
    "not_ragebait": {
      "f1-score": 0.8809320829781188,
      "precision": 0.9037900874635568,
      "recall": 0.8592017738359202,
      "support": 1804.0
    },
    "ragebait": {
      "f1-score": 0.8357506860054881,
      "precision": 0.8075757575757576,
      "recall": 0.8659626320064988,
      "support": 1231.0
    },
    "weighted avg": {
      "f1-score": 0.8626064488188737,
      "precision": 0.8647654284546998,
      "recall": 0.8619439868204284,
      "support": 3035.0
    }
  },
  "support_by_class": {
    "0": 1804,
    "1": 1231
  }
}