{
  "accuracy": 0.6745562130177515,
  "f1_by_class": {
    "0": 0.7206546275395034,
    "1": 0.610236220472441
  },
  "precision_by_class": {
    "0": 0.7360230547550433,
    "1": 0.5929609793420046
  },
  "recall_by_class": {
    "0": 0.7059148700939746,
    "1": 0.6285482562854826
  },
  "report": {
    "accuracy": 0.6745562130177515,
    "macro avg": {
      "f1-score": 0.6654454240059722,
      "precision": 0.664492017048524,
      "recall": 0.6672315631897285,
      "support": 3042.0
    },
    "not_ragebait": {
      "f1-score": 0.7206546275395034,
      "precision": 0.7360230547550433,
      "recall": 0.7059148700939746,
      "support": 1809.0
    },
    "ragebait": {
      "f1-score": 0.610236220472441,
      "precision": 0.5929609793420046,
      "recall": 0.6285482562854826,
      "support": 1233.0
    },
    "weighted avg": {
      "f1-score": 0.6758992376927946,
      "precision": 0.6780363555491666,
      "recall": 0.6745562130177515,
      "support": 3042.0
    }
  },
  "support_by_class": {
    "0": 1809,
    "1": 1233
  }
}