{
  "accuracy": 0.8744247205785667,
  "f1_by_class": {
    "0": 0.8928170594837261,
    "1": 0.8484126984126984
  },
  "precision_by_class": {
    "0": 0.9065527065527066,
    "1": 0.8306138306138307
  },
  "recall_by_class": {
    "0": 0.8794914317302377,
    "1": 0.8669910786699108
  },
  "report": {
    "accuracy": 0.8744247205785667,
    "macro avg": {
      "f1-score": 0.8706148789482122,
      "precision": 0.8685832685832686,
      "recall": 0.8732412552000742,
      "support": 3042.0
    },
    "not_ragebait": {
      "f1-score": 0.8928170594837261,
      "precision": 0.9065527065527066,
      "recall": 0.8794914317302377,
      "support": 1809.0
    },
    "ragebait": {
      "f1-score": 0.8484126984126984,
      "precision": 0.8306138306138307,
      "recall": 0.8669910786699108,
      "support": 1233.0
    },
    "weighted avg": {
      "f1-score": 0.8748188421265344,
      "precision": 0.8757727479620971,
      "recall": 0.8744247205785667,
      "support": 3042.0
    }
  },
  "support_by_class": {
    "0": 1809,
    "1": 1233
  }
}