{
  "accuracy": 0.8583168967784353,
  "f1_by_class": {
    "0": 0.8784203102961918,
    "1": 0.8302481291847184
  },
  "precision_by_class": {
    "0": 0.896889400921659,
    "1": 0.8070444104134763
  },
  "recall_by_class": {
    "0": 0.8606965174129353,
    "1": 0.8548256285482563
  },
  "report": {
    "accuracy": 0.8583168967784353,
    "macro avg": {
      "f1-score": 0.8543342197404551,
      "precision": 0.8519669056675676,
      "recall": 0.8577610729805958,
      "support": 3042.0
    },
    "not_ragebait": {
      "f1-score": 0.8784203102961918,
      "precision": 0.896889400921659,
      "recall": 0.8606965174129353,
      "support": 1809.0
    },
    "ragebait": {
      "f1-score": 0.8302481291847184,
      "precision": 0.8070444104134763,
      "recall": 0.8548256285482563,
      "support": 1233.0
    },
    "weighted avg": {
      "f1-score": 0.858894899608997,
      "precision": 0.8604729402718926,
      "recall": 0.8583168967784353,
      "support": 3042.0
    }
  },
  "support_by_class": {
    "0": 1809,
    "1": 1233
  }
}