{
  "accuracy": 0.6331360946745562,
  "f1_by_class": {
    "0": 0.6201497617426821,
    "1": 0.6452638270820089
  },
  "precision_by_class": {
    "0": 0.8069087688219664,
    "1": 0.5305802404600104
  },
  "recall_by_class": {
    "0": 0.5035931453841902,
    "1": 0.8231954582319546
  },
  "report": {
    "accuracy": 0.6331360946745562,
    "macro avg": {
      "f1-score": 0.6327067944123455,
      "precision": 0.6687445046409883,
      "recall": 0.6633943018080724,
      "support": 3042.0
    },
    "not_ragebait": {
      "f1-score": 0.6201497617426821,
      "precision": 0.8069087688219664,
      "recall": 0.5035931453841902,
      "support": 1809.0
    },
    "ragebait": {
      "f1-score": 0.6452638270820089,
      "precision": 0.5305802404600104,
      "recall": 0.8231954582319546,
      "support": 1233.0
    },
    "weighted avg": {
      "f1-score": 0.63032913142164,
      "precision": 0.6949057854326529,
      "recall": 0.6331360946745562,
      "support": 3042.0
    }
  },
  "support_by_class": {
    "0": 1809,
    "1": 1233
  }
}