{
  "accuracy": 0.8704799474030244,
  "f1_by_class": {
    "0": 0.8896358543417366,
    "1": 0.843277645186953
  },
  "precision_by_class": {
    "0": 0.9017603634298694,
    "1": 0.8274785323965652
  },
  "recall_by_class": {
    "0": 0.8778330569375346,
    "1": 0.8596918085969181
  },
  "report": {
    "accuracy": 0.8704799474030244,
    "macro avg": {
      "f1-score": 0.8664567497643448,
      "precision": 0.8646194479132173,
      "recall": 0.8687624327672263,
      "support": 3042.0
    },
    "not_ragebait": {
      "f1-score": 0.8896358543417366,
      "precision": 0.9017603634298694,
      "recall": 0.8778330569375346,
      "support": 1809.0
    },
    "ragebait": {
      "f1-score": 0.843277645186953,
      "precision": 0.8274785323965652,
      "recall": 0.8596918085969181,
      "support": 1233.0
    },
    "weighted avg": {
      "f1-score": 0.8708456926429041,
      "precision": 0.8716520473009858,
      "recall": 0.8704799474030244,
      "support": 3042.0
    }
  },
  "support_by_class": {
    "0": 1809,
    "1": 1233
  }
}