{
  "accuracy": 0.6729125575279421,
  "f1_by_class": {
    "0": 0.7188471319581803,
    "1": 0.6090373280943026
  },
  "precision_by_class": {
    "0": 0.7352601156069364,
    "1": 0.5907012195121951
  },
  "recall_by_class": {
    "0": 0.703150912106136,
    "1": 0.6285482562854826
  },
  "report": {
    "accuracy": 0.6729125575279421,
    "macro avg": {
      "f1-score": 0.6639422300262414,
      "precision": 0.6629806675595658,
      "recall": 0.6658495841958093,
      "support": 3042.0
    },
    "not_ragebait": {
      "f1-score": 0.7188471319581803,
      "precision": 0.7352601156069364,
      "recall": 0.703150912106136,
      "support": 1809.0
    },
    "ragebait": {
      "f1-score": 0.6090373280943026,
      "precision": 0.5907012195121951,
      "recall": 0.6285482562854826,
      "support": 1233.0
    },
    "weighted avg": {
      "f1-score": 0.6743384244748926,
      "precision": 0.6766667168939792,
      "recall": 0.6729125575279421,
      "support": 3042.0
    }
  },
  "support_by_class": {
    "0": 1809,
    "1": 1233
  }
}