{
  "accuracy": 0.6426692965154504,
  "f1_by_class": {
    "0": 0.6203283269297939,
    "1": 0.6625271654765601
  },
  "precision_by_class": {
    "0": 0.8425047438330171,
    "1": 0.5367203219315896
  },
  "recall_by_class": {
    "0": 0.49087893864013266,
    "1": 0.8653690186536902
  },
  "report": {
    "accuracy": 0.6426692965154504,
    "macro avg": {
      "f1-score": 0.641427746203177,
      "precision": 0.6896125328823033,
      "recall": 0.6781239786469114,
      "support": 3042.0
    },
    "not_ragebait": {
      "f1-score": 0.6203283269297939,
      "precision": 0.8425047438330171,
      "recall": 0.49087893864013266,
      "support": 1809.0
    },
    "ragebait": {
      "f1-score": 0.6625271654765601,
      "precision": 0.5367203219315896,
      "recall": 0.8653690186536902,
      "support": 1233.0
    },
    "weighted avg": {
      "f1-score": 0.6374325898910571,
      "precision": 0.7185625373226753,
      "recall": 0.6426692965154504,
      "support": 3042.0
    }
  },
  "support_by_class": {
    "0": 1809,
    "1": 1233
  }
}