{
  "accuracy": 0.8566732412886259,
  "f1_by_class": {
    "0": 0.8765571913929785,
    "1": 0.829153605015674
  },
  "precision_by_class": {
    "0": 0.8984329657573998,
    "1": 0.8021228203184231
  },
  "recall_by_class": {
    "0": 0.8557213930348259,
    "1": 0.8580697485806975
  },
  "report": {
    "accuracy": 0.8566732412886259,
    "macro avg": {
      "f1-score": 0.8528553982043263,
      "precision": 0.8502778930379115,
      "recall": 0.8568955708077617,
      "support": 3042.0
    },
    "not_ragebait": {
      "f1-score": 0.8765571913929785,
      "precision": 0.8984329657573998,
      "recall": 0.8557213930348259,
      "support": 1809.0
    },
    "ragebait": {
      "f1-score": 0.829153605015674,
      "precision": 0.8021228203184231,
      "recall": 0.8580697485806975,
      "support": 1233.0
    },
    "weighted avg": {
      "f1-score": 0.8573433117075031,
      "precision": 0.8593960133161578,
      "recall": 0.8566732412886259,
      "support": 3042.0
    }
  },
  "support_by_class": {
    "0": 1809,
    "1": 1233
  }
}