{
  "baseline_results": {
    "clean": {
      "decision_tree": {
        "accuracy": 0.670840197693575,
        "f1_by_class": {
          "0": 0.7141630901287553,
          "1": 0.6120388349514563
        },
        "precision_by_class": {
          "0": 0.7380248373743347,
          "1": 0.5863095238095238
        },
        "recall_by_class": {
          "0": 0.6917960088691796,
          "1": 0.6401299756295694
        },
        "report": {
          "accuracy": 0.670840197693575,
          "macro avg": {
            "f1-score": 0.6631009625401059,
            "precision": 0.6621671805919292,
            "recall": 0.6659629922493745,
            "support": 3035.0
          },
          "not_ragebait": {
            "f1-score": 0.7141630901287553,
            "precision": 0.7380248373743347,
            "recall": 0.6917960088691796,
            "support": 1804.0
          },
          "ragebait": {
            "f1-score": 0.6120388349514563,
            "precision": 0.5863095238095238,
            "recall": 0.6401299756295694,
            "support": 1231.0
          },
          "weighted avg": {
            "f1-score": 0.6727413576334488,
            "precision": 0.6764889062381626,
            "recall": 0.670840197693575,
            "support": 3035.0
          }
        },
        "support_by_class": {
          "0": 1804,
          "1": 1231
        }
      },
      "gaussian_nb": {
        "accuracy": 0.6514003294892916,
        "f1_by_class": {
          "0": 0.6408689748811949,
          "1": 0.6613316261203586
        },
        "precision_by_class": {
          "0": 0.8266199649737302,
          "1": 0.5456946645536186
        },
        "recall_by_class": {
          "0": 0.5232815964523282,
          "1": 0.8391551584077985
        },
        "report": {
          "accuracy": 0.6514003294892916,
          "macro avg": {
            "f1-score": 0.6511003005007767,
            "precision": 0.6861573147636744,
            "recall": 0.6812183774300633,
            "support": 3035.0
          },
          "not_ragebait": {
            "f1-score": 0.6408689748811949,
            "precision": 0.8266199649737302,
            "recall": 0.5232815964523282,
            "support": 1804.0
          },
          "ragebait": {
            "f1-score": 0.6613316261203586,
            "precision": 0.5456946645536186,
            "recall": 0.8391551584077985,
            "support": 1231.0
          },
          "weighted avg": {
            "f1-score": 0.6491686531926975,
            "precision": 0.7126762928758201,
            "recall": 0.6514003294892916,
            "support": 3035.0
          }
        },
        "support_by_class": {
          "0": 1804,
          "1": 1231
        }
      },
      "logistic_regression": {
        "accuracy": 0.8629324546952224,
        "f1_by_class": {
          "0": 0.8822197055492639,
          "1": 0.8360914105594957
        },
        "precision_by_class": {
          "0": 0.9016203703703703,
          "1": 0.8117827084927315
        },
        "recall_by_class": {
          "0": 0.8636363636363636,
          "1": 0.8619008935824533
        },
        "report": {
          "accuracy": 0.8629324546952224,
          "macro avg": {
            "f1-score": 0.8591555580543797,
            "precision": 0.8567015394315509,
            "recall": 0.8627686286094085,
            "support": 3035.0
          },
          "not_ragebait": {
            "f1-score": 0.8822197055492639,
            "precision": 0.9016203703703703,
            "recall": 0.8636363636363636,
            "support": 1804.0
          },
          "ragebait": {
            "f1-score": 0.8360914105594957,
            "precision": 0.8117827084927315,
            "recall": 0.8619008935824533,
            "support": 1231.0
          },
          "weighted avg": {
            "f1-score": 0.863510008306297,
            "precision": 0.8651820963106097,
            "recall": 0.8629324546952224,
            "support": 3035.0
          }
        },
        "support_by_class": {
          "0": 1804,
          "1": 1231
        }
      },
      "svc": {
        "accuracy": 0.871828665568369,
        "f1_by_class": {
          "0": 0.8907610221847796,
          "1": 0.8449581506576325
        },
        "precision_by_class": {
          "0": 0.9026750142287991,
          "1": 0.8294209702660407
        },
        "recall_by_class": {
          "0": 0.8791574279379157,
          "1": 0.8610885458976442
        },
        "report": {
          "accuracy": 0.871828665568369,
          "macro avg": {
            "f1-score": 0.867859586421206,
            "precision": 0.8660479922474199,
            "recall": 0.87012298691778,
            "support": 3035.0
          },
          "not_ragebait": {
            "f1-score": 0.8907610221847796,
            "precision": 0.9026750142287991,
            "recall": 0.8791574279379157,
            "support": 1804.0
          },
          "ragebait": {
            "f1-score": 0.8449581506576325,
            "precision": 0.8294209702660407,
            "recall": 0.8610885458976442,
            "support": 1231.0
          },
          "weighted avg": {
            "f1-score": 0.872183317127146,
            "precision": 0.8729630774518121,
            "recall": 0.871828665568369,
            "support": 3035.0
          }
        },
        "support_by_class": {
          "0": 1804,
          "1": 1231
        }
      }
    },
    "raw": {
      "decision_tree": {
        "accuracy": 0.6873146622734762,
        "f1_by_class": {
          "0": 0.7301677566107478,
          "1": 0.6282804543674109
        },
        "precision_by_class": {
          "0": 0.7495621716287215,
          "1": 0.6066565809379728
        },
        "recall_by_class": {
          "0": 0.7117516629711752,
          "1": 0.6515028432168968
        },
        "report": {
          "accuracy": 0.6873146622734762,
          "macro avg": {
            "f1-score": 0.6792241054890793,
            "precision": 0.6781093762833472,
            "recall": 0.6816272530940359,
            "support": 3035.0
          },
          "not_ragebait": {
            "f1-score": 0.7301677566107478,
            "precision": 0.7495621716287215,
            "recall": 0.7117516629711752,
            "support": 1804.0
          },
          "ragebait": {
            "f1-score": 0.6282804543674109,
            "precision": 0.6066565809379728,
            "recall": 0.6515028432168968,
            "support": 1231.0
          },
          "weighted avg": {
            "f1-score": 0.6888421325377502,
            "precision": 0.6915994757011065,
            "recall": 0.6873146622734762,
            "support": 3035.0
          }
        },
        "support_by_class": {
          "0": 1804,
          "1": 1231
        }
      },
      "gaussian_nb": {
        "accuracy": 0.6537067545304778,
        "f1_by_class": {
          "0": 0.6367092983062564,
          "1": 0.669184765502046
        },
        "precision_by_class": {
          "0": 0.8457300275482094,
          "1": 0.5462487153134635
        },
        "recall_by_class": {
          "0": 0.5105321507760532,
          "1": 0.8635255889520714
        },
        "report": {
          "accuracy": 0.6537067545304778,
          "macro avg": {
            "f1-score": 0.6529470319041513,
            "precision": 0.6959893714308365,
            "recall": 0.6870288698640623,
            "support": 3035.0
          },
          "not_ragebait": {
            "f1-score": 0.6367092983062564,
            "precision": 0.8457300275482094,
            "recall": 0.5105321507760532,
            "support": 1804.0
          },
          "ragebait": {
            "f1-score": 0.669184765502046,
            "precision": 0.5462487153134635,
            "recall": 0.8635255889520714,
            "support": 1231.0
          },
          "weighted avg": {
            "f1-score": 0.6498813906021434,
            "precision": 0.7242600126022548,