{
  "binary_test": {
    "logistic_regression": {
      "accuracy": 0.855084067253803,
      "precision": 0.837125748502994,
      "recall": 0.9395161290322581,
      "f1": 0.8853704876504117
    },
    "linear_svc": {
      "accuracy": 0.8654923939151321,
      "precision": 0.8779527559055118,
      "recall": 0.8991935483870968,
      "f1": 0.8884462151394422
    },
    "ffnn": {
      "accuracy": 0.8654923939151321,
      "precision": 0.8789473684210526,
      "recall": 0.8978494623655914,
      "f1": 0.8882978723404256
    },
    "bert_base_uncased": {
      "accuracy": 0.9055244195356285,
      "precision": 0.905440414507772,
      "recall": 0.9395161290322581,
      "f1": 0.9221635883905013
    }
  },
  "multiclass_test": {
    "logistic_regression": {
      "accuracy": 0.6645316253002402,
      "micro_f1": 0.6645316253002402,
      "macro_f1": 0.5523712681909713,
      "weighted_f1": 0.6718470496414852
    },
    "linear_svc": {
      "accuracy": 0.6797437950360288,
      "micro_f1": 0.6797437950360288,
      "macro_f1": 0.5402705495469526,
      "weighted_f1": 0.6763613740015472
    },
    "ffnn": {
      "accuracy": 0.6517213771016813,
      "micro_f1": 0.6517213771016813,
      "macro_f1": 0.5250094515430275,
      "weighted_f1": 0.6606426951030928
    },
    "bert_base_uncased": {
      "accuracy": 0.7389911929543634,
      "micro_f1": 0.7389911929543634,
      "macro_f1": 0.640477203862457,
      "weighted_f1": 0.7441313144127278
    }
  },
  "binary_bert_confusion_matrix": {
    "true_normal_pred_normal": 432,
    "true_normal_pred_ragebait": 73,
    "true_ragebait_pred_normal": 45,
    "true_ragebait_pred_ragebait": 699
  },
  "figures": [
    "binary_model_comparison.png",
    "binary_vs_multiclass_bert.png",
    "classwise_f1_comparison.png",
    "compute_time_comparison.png",
    "multiclass_model_comparison.png",
    "pipeline_flowchart.png",
    "task_framing_flowchart.png"
  ]
}