{
  "epochs": [
    {
      "epoch": 1,
      "train_loss": 0.3272373914462123,
      "val_loss": 0.2342614171022864,
      "val_metrics": {
        "accuracy": 0.9023218574859888,
        "precision": 0.9259259259259259,
        "recall": 0.9084791386271871,
        "f1": 0.9171195652173914
      },
      "learning_rate": 1.1111111111111113e-05,
      "epoch_seconds": 2284.687644415011
    },
    {
      "epoch": 2,
      "train_loss": 0.18486673142567123,
      "val_loss": 0.24890177033198857,
      "val_metrics": {
        "accuracy": 0.911128903122498,
        "precision": 0.927027027027027,
        "recall": 0.9232839838492598,
        "f1": 0.9251517194875253
      },
      "learning_rate": 0.0,
      "epoch_seconds": 2606.456616417039
    }
  ],
  "device": "cpu",
  "train_rows": 9992,
  "val_rows": 1249,
  "max_length": 80,
  "tokenizer_dir": "/home/upsid/dev/ML-Project-Ragebait/iteration2/outputs/exp1_binary_bert/tokenizer",
  "best_epoch": 2,
  "best_val_loss": 0.24890177033198857,
  "checkpoint_path": "/home/upsid/dev/ML-Project-Ragebait/iteration2/outputs/exp1_binary_bert/checkpoints/best_model.pt"
}