{
  "baseline_results": {
    "clean": {
      "decision_tree": {
        "accuracy": 0.6745562130177515,
        "f1_by_class": {
          "0": 0.7206546275395034,
          "1": 0.610236220472441
        },
        "precision_by_class": {
          "0": 0.7360230547550433,
          "1": 0.5929609793420046
        },
        "recall_by_class": {
          "0": 0.7059148700939746,
          "1": 0.6285482562854826
        },
        "report": {
          "accuracy": 0.6745562130177515,
          "macro avg": {
            "f1-score": 0.6654454240059722,
            "precision": 0.664492017048524,
            "recall": 0.6672315631897285,
            "support": 3042.0
          },
          "not_ragebait": {
            "f1-score": 0.7206546275395034,
            "precision": 0.7360230547550433,
            "recall": 0.7059148700939746,
            "support": 1809.0
          },
          "ragebait": {
            "f1-score": 0.610236220472441,
            "precision": 0.5929609793420046,
            "recall": 0.6285482562854826,
            "support": 1233.0
          },
          "weighted avg": {
            "f1-score": 0.6758992376927946,
            "precision": 0.6780363555491666,
            "recall": 0.6745562130177515,
            "support": 3042.0
          }
        },
        "support_by_class": {
          "0": 1809,
          "1": 1233
        }
      },
      "gaussian_nb": {
        "accuracy": 0.6331360946745562,
        "f1_by_class": {
          "0": 0.6201497617426821,
          "1": 0.6452638270820089
        },
        "precision_by_class": {
          "0": 0.8069087688219664,
          "1": 0.5305802404600104
        },
        "recall_by_class": {
          "0": 0.5035931453841902,
          "1": 0.8231954582319546
        },
        "report": {
          "accuracy": 0.6331360946745562,
          "macro avg": {
            "f1-score": 0.6327067944123455,
            "precision": 0.6687445046409883,
            "recall": 0.6633943018080724,
            "support": 3042.0
          },
          "not_ragebait": {
            "f1-score": 0.6201497617426821,
            "precision": 0.8069087688219664,
            "recall": 0.5035931453841902,
            "support": 1809.0
          },
          "ragebait": {
            "f1-score": 0.6452638270820089,
            "precision": 0.5305802404600104,
            "recall": 0.8231954582319546,
            "support": 1233.0
          },
          "weighted avg": {
            "f1-score": 0.63032913142164,
            "precision": 0.6949057854326529,
            "recall": 0.6331360946745562,
            "support": 3042.0
          }
        },
        "support_by_class": {
          "0": 1809,
          "1": 1233
        }
      },
      "logistic_regression": {
        "accuracy": 0.8583168967784353,
        "f1_by_class": {
          "0": 0.8784203102961918,
          "1": 0.8302481291847184
        },
        "precision_by_class": {
          "0": 0.896889400921659,
          "1": 0.8070444104134763
        },
        "recall_by_class": {
          "0": 0.8606965174129353,
          "1": 0.8548256285482563
        },
        "report": {
          "accuracy": 0.8583168967784353,
          "macro avg": {
            "f1-score": 0.8543342197404551,
            "precision": 0.8519669056675676,
            "recall": 0.8577610729805958,
            "support": 3042.0
          },
          "not_ragebait": {
            "f1-score": 0.8784203102961918,
            "precision": 0.896889400921659,
            "recall": 0.8606965174129353,
            "support": 1809.0
          },
          "ragebait": {
            "f1-score": 0.8302481291847184,
            "precision": 0.8070444104134763,
            "recall": 0.8548256285482563,
            "support": 1233.0
          },
          "weighted avg": {
            "f1-score": 0.858894899608997,
            "precision": 0.8604729402718926,
            "recall": 0.8583168967784353,
            "support": 3042.0
          }
        },
        "support_by_class": {
          "0": 1809,
          "1": 1233
        }
      },
      "svc": {
        "accuracy": 0.8704799474030244,
        "f1_by_class": {
          "0": 0.8896358543417366,
          "1": 0.843277645186953
        },
        "precision_by_class": {
          "0": 0.9017603634298694,
          "1": 0.8274785323965652
        },
        "recall_by_class": {
          "0": 0.8778330569375346,
          "1": 0.8596918085969181
        },
        "report": {
          "accuracy": 0.8704799474030244,
          "macro avg": {
            "f1-score": 0.8664567497643448,
            "precision": 0.8646194479132173,
            "recall": 0.8687624327672263,
            "support": 3042.0
          },
          "not_ragebait": {
            "f1-score": 0.8896358543417366,
            "precision": 0.9017603634298694,
            "recall": 0.8778330569375346,
            "support": 1809.0
          },
          "ragebait": {
            "f1-score": 0.843277645186953,
            "precision": 0.8274785323965652,
            "recall": 0.8596918085969181,
            "support": 1233.0
          },
          "weighted avg": {
            "f1-score": 0.8708456926429041,
            "precision": 0.8716520473009858,
            "recall": 0.8704799474030244,
            "support": 3042.0
          }
        },
        "support_by_class": {
          "0": 1809,
          "1": 1233
        }
      }
    },
    "raw": {
      "decision_tree": {
        "accuracy": 0.6729125575279421,
        "f1_by_class": {
          "0": 0.7188471319581803,
          "1": 0.6090373280943026
        },
        "precision_by_class": {
          "0": 0.7352601156069364,
          "1": 0.5907012195121951
        },
        "recall_by_class": {
          "0": 0.703150912106136,
          "1": 0.6285482562854826
        },
        "report": {
          "accuracy": 0.6729125575279421,
          "macro avg": {
            "f1-score": 0.6639422300262414,
            "precision": 0.6629806675595658,
            "recall": 0.6658495841958093,
            "support": 3042.0
          },
          "not_ragebait": {
            "f1-score": 0.7188471319581803,
            "precision": 0.7352601156069364,
            "recall": 0.703150912106136,
            "support": 1809.0
          },
          "ragebait": {
            "f1-score": 0.6090373280943026,
            "precision": 0.5907012195121951,
            "recall": 0.6285482562854826,
            "support": 1233.0
          },
          "weighted avg": {
            "f1-score": 0.6743384244748926,
            "precision": 0.6766667168939792,
            "recall": 0.6729125575279421,
            "support": 3042.0
          }
        },
        "support_by_class": {
          "0": 1809,
          "1": 1233
        }
      },
      "gaussian_nb": {
        "accuracy": 0.6426692965154504,
        "f1_by_class": {
          "0": 0.6203283269297939,
          "1": 0.6625271654765601
        },
        "precision_by_class": {
          "0": 0.8425047438330171,
          "1": 0.5367203219315896
        },
        "recall_by_class": {
          "0": 0.49087893864013266,
          "1": 0.8653690186536902
        },
        "report": {
          "accuracy": 0.6426692965154504,
          "macro avg": {
            "f1-score": 0.641427746203177,
            "precision": 0.6896125328823033,
            "recall": 0.6781239786469114,
            "support": 3042.0
          },
          "not_ragebait": {
            "f1-score": 0.6203283269297939,
            "precision": 0.8425047438330171,
            "recall": 0.49087893864013266,
            "support": 1809.0
          },
          "ragebait": {
            "f1-score": 0.6625271654765601,
            "precision": 0.5367203219315896,
            "recall": 0.8653690186536902,
            "support": 1233.0
          },
          "weighted avg": {
            "f1-score": 0.6374325898910571,
            "precision": 0.7185625373226753,