{
  "accuracy": 0.6514003294892916,
  "f1_by_class": {
    "0": 0.6408689748811949,
    "1": 0.6613316261203586
  },
  "precision_by_class": {
    "0": 0.8266199649737302,
    "1": 0.5456946645536186
  },
  "recall_by_class": {
    "0": 0.5232815964523282,
    "1": 0.8391551584077985
  },
  "report": {
    "accuracy": 0.6514003294892916,
    "macro avg": {
      "f1-score": 0.6511003005007767,
      "precision": 0.6861573147636744,
      "recall": 0.6812183774300633,
      "support": 3035.0
    },
    "not_ragebait": {
      "f1-score": 0.6408689748811949,
      "precision": 0.8266199649737302,
      "recall": 0.5232815964523282,
      "support": 1804.0
    },
    "ragebait": {
      "f1-score": 0.6613316261203586,
      "precision": 0.5456946645536186,
      "recall": 0.8391551584077985,
      "support": 1231.0
    },
    "weighted avg": {
      "f1-score": 0.6491686531926975,
      "precision": 0.7126762928758201,
      "recall": 0.6514003294892916,
      "support": 3035.0
    }
  },
  "support_by_class": {
    "0": 1804,
    "1": 1231
  }
}