{
  "accuracy": 0.6537067545304778,
  "f1_by_class": {
    "0": 0.6367092983062564,
    "1": 0.669184765502046
  },
  "precision_by_class": {
    "0": 0.8457300275482094,
    "1": 0.5462487153134635
  },
  "recall_by_class": {
    "0": 0.5105321507760532,
    "1": 0.8635255889520714
  },
  "report": {
    "accuracy": 0.6537067545304778,
    "macro avg": {
      "f1-score": 0.6529470319041513,
      "precision": 0.6959893714308365,
      "recall": 0.6870288698640623,
      "support": 3035.0
    },
    "not_ragebait": {
      "f1-score": 0.6367092983062564,
      "precision": 0.8457300275482094,
      "recall": 0.5105321507760532,
      "support": 1804.0
    },
    "ragebait": {
      "f1-score": 0.669184765502046,
      "precision": 0.5462487153134635,
      "recall": 0.8635255889520714,
      "support": 1231.0
    },
    "weighted avg": {
      "f1-score": 0.6498813906021434,
      "precision": 0.7242600126022548,
      "recall": 0.6537067545304778,
      "support": 3035.0
    }
  },
  "support_by_class": {
    "0": 1804,
    "1": 1231
  }
}