{
  "accuracy": 0.8652388797364086,
  "f1_by_class": {
    "0": 0.8844306301215032,
    "1": 0.8384037929672067
  },
  "precision_by_class": {
    "0": 0.9020172910662824,
    "1": 0.8161538461538461
  },
  "recall_by_class": {
    "0": 0.8675166297117517,
    "1": 0.8619008935824533
  },
  "report": {
    "accuracy": 0.8652388797364086,
    "macro avg": {
      "f1-score": 0.861417211544355,
      "precision": 0.8590855686100642,
      "recall": 0.8647087616471025,
      "support": 3035.0
    },
    "not_ragebait": {
      "f1-score": 0.8844306301215032,
      "precision": 0.9020172910662824,
      "recall": 0.8675166297117517,
      "support": 1804.0
    },
    "ragebait": {
      "f1-score": 0.8384037929672067,
      "precision": 0.8161538461538461,
      "recall": 0.8619008935824533,
      "support": 1231.0
    },
    "weighted avg": {
      "f1-score": 0.8657620843103206,
      "precision": 0.8671909646454556,
      "recall": 0.8652388797364086,
      "support": 3035.0
    }
  },
  "support_by_class": {
    "0": 1804,
    "1": 1231
  }
}